name,website,category,country,services,notes
VOID,void.ma,Moroccan Digital Agency,Morocco,"UX Design, Digital Transformation, Web Development",Leading agency for banks/insurance, 40+ experts
WebSuccess,websuccess.ma,Moroccan Digital Agency,Morocco,"Web Dev, SEO, Google Ads, Meta Ads, Content Marketing",IMPACT 360° method, Casablanca
Howdy Code,howdycode.com,Moroccan Digital Agency,Morocco,"SEO, Web Dev, Digital Strategy",Fès-based, 5.0 Clutch rating
RHILLANE Marketing Digital,rhillane.com,Moroccan Digital Agency,Morocco,"Advertising, Content Marketing, Web Design",Tangier-based, 4.9 rating
MarketMedia.ma,marketmedia.ma,Moroccan Digital Agency,Morocco,"SEO, Social Media, Branding, Web Design",Casablanca, Clutch leader Morocco
Digiseo,digiseo.ma,Moroccan Digital Agency,Morocco,"SEO, Google Business Profile, Ads",Casablanca, 5.0 rating
XNUMERIK,xnumerik.com,Moroccan Digital Agency,Morocco,"Lead Generation, Social Ads, PPC, CRM",Casablanca/Rabat
Seomaniak,seomaniak.ma,Moroccan Digital Agency,Morocco,"SEO, GEO, Inbound Marketing, Web Dev",Barcelona/Paris/Casablanca
Tingis Web,tingisweb.com,Moroccan Digital Agency,Morocco,"Software Dev, Digital Marketing, CX",Tangier, founded 2022
Netspace,netspace.ma,Moroccan Digital Agency,Morocco,"Digital Communication, Web Strategy, Branding",Casablanca
Amaznet,amaznet.com,Moroccan Digital Agency,Morocco,"Web Dev, UX/UI Design, SEO, Branding",Rabat-based
RankUp,rankup.ma,Moroccan Digital Agency,Morocco,"SEO, Digital Ads, Branding, Lead Generation",4.9 rating
Tudio Systems,tudiosystems.com,Moroccan Digital Agency,Morocco,"Web Dev, Web Design, Digital Strategy",Rabat
BOXCOM,boxcom.ma,Moroccan Digital Agency,Morocco,"Social Media, PR, Content Marketing",Casablanca, founded 2013
Tourak Digital,tourakdigital.ma/en/,Moroccan Digital Agency,Morocco,"Web Dev, E-commerce, SEO, Ads",English-speaking, Casablanca
Creylo,creylo.com,Moroccan Digital Agency,Morocco,"Marketing, Web Dev, Branding",Casablanca
Eight,eight.ma,Moroccan Digital Agency,Morocco,"Marketing, Digital Strategy",Casablanca/Marrakech
Bew Web Agency,bew-web-agency.fr,French Digital Agency,France,"SEO, Web Dev, Digital Marketing",Paris-based
MONSOON,monsoon.fr,French Digital Agency,France,"Digital Marketing, SEO, PPC",Paris
Yumens,yumens.fr,French Digital Agency,France,"SEO, PPC, Social Media, Content, UX/UI",200+ staff, 11 offices
Effilab,effilab.fr,French Digital Agency,France,"Google Ads, Facebook Ads, SEO",90 experts, part of Solocal
Pickers,pickers.fr,French Digital Agency,France,"PPC, Social Ads, Display, SEO, Creative",Paris/Lyon
Orixa Media,orixa-media.com,French Digital Agency,France,"SEO, PPC, Social, Influencer, Data Analytics",15+ years
Wix ADI,wix.com,AI Website Builder,Global,"AI Website Building, E-commerce",Pioneer AI design
Durable,durable.co,AI Website Builder,Global,"AI Website Builder, CRM, Invoicing",30-second site builder
Framer AI,framer.com,AI Website Builder,Global,"AI Website Builder, Animations",Natural language to layout
10Web,10web.io,AI Website Builder,Global,"AI WordPress Builder, Hosting, SEO",WordPress-focused
Hostinger AI,hostinger.com,AI Website Builder,Global,"AI Website Builder, Hosting",Budget-friendly
Dorik,dorik.com,AI Website Builder,Global,"White-label AI Website Builder, No-code",Agency-focused
Solo AI,soloist.ai,AI Website Builder,Global,"AI Website Creator, Free Tier",Free starting point
Thrive Internet Marketing Agency,thriveagency.com,SEO Agency,USA,"SEO, Google Ads, Social Media",50-249 employees
Searchbloom,searchbloom.com,SEO Agency,USA,"SEO, PPC, Content Marketing",Forbes-rated ART framework
Siege Media,siegemedia.com,SEO Agency,USA,"Link Building, Content Marketing, Digital PR",San Diego
Page One Power,pageonepower.com,SEO Agency,USA,"Link Building, Content, Digital PR, Technical SEO",Boise, 15+ years
FatJoe,fatjoe.com,SEO Agency,UK,"Blogger Outreach, Niche Edits, Digital PR",White-label available
Neil Patel Digital,npdigital.com,SEO Agency,USA,"SEO, Content Marketing, PPC, Link Building",Global brand
R/GA,rga.com,Global Digital Agency,Global,"Web Design, Product Design, Campaign Design",40+ years, 18 offices
Digital Silk,digitalsilk.com,Global Digital Agency,USA,"Web Design, Branding, Digital Marketing",Premium builds $30K+
